Name;GamesPlayed;MinutesPlayed;PointsPerGame;FieldGoalsMade;Target
Brandon Ingram;36;27.04.00;07.04;02.06;0
Andrew Harrison;35;26.09.00;07.02;2;0
JaKarr Sampson;74;15.03;05.02;2;0
Malik Sealy;58;11.06;05.07;02.03;1
Matt Geiger;48;11.05;04.05;01.06;1
Tony Bennett;75;11.04;03.07;01.05;0
Don MacLean;62;10.09;06.06;02.05;1
Tracy Murray;48;10.03;05.07;02.03;1
Duane Cooper;65;09.09;02.04;1;0
Dave Johnson;42;08.05;03.07;01.04;0
Corey Williams;35;06.09;02.03;00.09;0
Sam Mack;40;06.07;03.06;01.02;1
Lorenzo Williams;27;06.06;01.03;00.06;1
P.J. Hairston;45;15.03;05.06;01.09;0
Elmore Spencer;44;06.04;02.04;1;1
John Crotty;40;06.01;02.06;00.09;1
Stephen Howard;49;05.03;02.01;00.07;0
Randy Woods;41;04.02;01.07;00.06;0
Larry Johnson;82;37.02.00;19.02;07.05;0
Larry Johnson;82;37.02.00;19.02;07.05;1
Billy Owens;80;31.04.00;14.03;05.09;1
Stacey Augmon;82;30.05.00;13.03;05.04;1
Mark Macon;76;30.03.00;10.06;04.04;1
Steven Smith;61;29.06.00;12;04.09;0
Mitch McGary;32;15.02;06.03;02.08;0
Larry Stewart;76;29.03.00;10.04;4;1
Mike Iuzzolino;52;24.06.00;09.03;03.01;0
Doug Smith;76;22.05;08.08;03.08;1
Paul Graham;78;22;10.01;03.09;0
Donald Hodge;51;20.07;08.04;03.02;1
Dale Davis;64;20.03;06.02;02.04;1
Stanley Roberts;55;20.03;10.04;04.03;1
Terrell Brandon;82;19.06;07.04;03.01;1
Bison Dele;48;18.09;09.01;03.06;1
Spencer Dinwiddie;34;13.04;04.03;01.05;0
Tracy Moore;42;18.06;08.05;03.01;1
Greg Anthony;82;18.04;05.05;2;1
Kenny Anderson;64;17;7;02.09;1
Victor Alexander;80;16.09;07.04;3;1
David Benoit;77;15.01;05.06;02.03;1
Kevin Lynch;55;14.09;04.01;01.07;0
LaBradford Smith;48;14.08;05.01;02.01;0
Chris Corchiani;51;14.05;5;01.05;0
Travis Wear;51;13.02;03.09;01.06;0
Robert Pack;72;12.04;04.06;01.06;1
Pete Chilcutt;69;11.08;03.06;01.06;1
Chris Gatling;54;11.03;05.07;02.02;1
Tharon Mayes;24;10.06;04.01;01.03;0
Eric Murdock;50;09.06;04.01;01.05;1
Randy Brown;56;09.06;03.04;01.04;1
Greg Sutton;67;9;03.07;01.04;0
Elliot Perry;50;08.07;02.05;1;1
Marty Conlon;45;08.05;02.07;01.01;1
Rodney Monroe;38;08.02;03.04;01.04;0
John Turner;42;08.02;02.08;1;0
Mark Randall;54;08.02;03.02;01.03;0
Sean Green;35;07.03;4;01.08;0
Kevin Brooks;37;07.03;02.08;01.02;0
Doug Lee;46;06.07;02.06;01.01;0
Corey Crowder;51;06.04;02.02;00.08;0
Rich King;40;05.03;02.02;00.07;0
Stephen Thompson;19;04.08;01.06;00.07;0
Charles Thomas;36;04.03;01.03;00.05;0
Lionel Simmons;79;37.07.00;18;06.09;1
Gary Harris;55;13.01;03.04;01.02;0
Derrick Coleman;74;35.02.00;18.04;06.09;1
Travis Mays;64;33.05.00;14.03;04.06;0
Dennis Scott;82;28.05.00;15.07;06.01;1
Gary Payton*;82;27.04.00;07.02;03.02;1
Felton Spencer;81;25.09.00;07.01;02.04;1
Willie Burton;76;25.04.00;12;04.05;1
Dee Brown;82;23.07;08.07;03.05;0
Dee Brown;82;23.07;08.07;03.05;1
Dee Brown;49;09.02;01.09;00.07;0
Dee Brown;49;09.02;01.09;00.07;1
Kendall Gill;82;23.07;11;04.06;1
Duane Causwell;76;22.06;06.09;02.08;1
Mahmoud Abdul-Rauf;67;22.05;14.01;06.02;1
A.J. English;70;20.06;08.08;03.06;0
Danny Ferry;81;20.05;08.06;03.04;1
Mario Elie;33;19.05;07.02;02.04;1
Anthony Cook;58;19.03;05.03;2;0
Gerald Paddio;70;16.09;07.02;3;0
Bimbo Coles;82;16.05;04.09;2;1
Bo Kimble;62;16.02;06.09;02.06;0
Alec Kessler;78;16.01;06.02;02.06;0
Loy Vaught;73;16.01;05.05;02.04;1
Tyrone Hill;74;16.01;05.03;2;1
Marcus Liberty;76;15.04;06.07;02.08;0
Terry Mills;55;14.09;05.07;02.04;1
Jamal Robinson;47;14.03;05.06;02.03;0
Henry James;37;13.06;08.01;3;1
Jerrod Mustaf;62;13.03;04.03;01.07;0
Kevin Pritchard;62;12.05;03.09;01.04;0
Gerald Glass;51;11.09;06.09;02.09;0
Larry Robinson;36;11.08;03.09;01.07;1
Jud Buechler;74;11.06;03.01;01.03;1
Cedric Ceballos;63;11.06;08.02;03.02;1
Kyle Anderson;33;10.08;02.02;00.09;0
Greg Foster;54;11.02;04.04;01.08;1
Brian Oliver;73;11;03.08;01.05;0
Howard Wright;15;10.09;03.06;01.03;0
Tony Smith;64;10.09;03.07;01.05;1
Tate George;56;10.06;03.04;01.04;0
Rick Calloway;64;10.06;03.02;01.02;0
Steve Henson;68;10.01;03.01;01.02;1
Andy Toolson;47;10;02.09;01.01;0
Jayson Williams;52;09.08;03.05;01.04;1
Kennard Winchester;64;09.05;03.07;01.05;0
Johnny O'Bryant;34;10.08;02.09;01.03;0
Dwayne Schintzius;42;09.05;03.08;01.06;1
Sean Higgins;50;09.03;04.05;01.09;1
Elden Campbell;52;07.03;02.08;01.01;1
Kenny Williams;75;7;02.09;01.02;0
Keith Askins;39;06.08;02.02;00.09;1
Scott Williams;51;06.06;02.05;1;1
Richard Coffey;52;06.02;01.03;00.05;0
Steve Scheffler;39;05.08;01.05;00.05;1
David Robinson*;82;36.06.00;24.03.00;08.04;1
James Young;31;10.07;03.04;01.02;0
Tim Hardaway;79;33.07.00;14.07;05.09;0
Tim Hardaway;79;33.07.00;14.07;05.09;1
J.R. Reid;82;33.06.00;11.01;04.04;1
Pooh Richardson;82;31.05.00;11.04;05.02;1
Sherman Douglas;81;30.05.00;14.03;05.07;1
Sam Mitchell;80;30.02.00;12.07;04.07;1
Glen Rice;77;30;13.06;06.01;1
Glen Rice;77;30;13.06;06.01;0
Mookie Blaylock;50;25.03.00;10.01;04.02;1
Sean Elliott;81;25.01.00;10;03.08;1
Blue Edwards;82;23;08.09;03.05;1
Cory Jefferson;50;10.06;03.07;01.05;0
Nick Anderson;81;22;11.05;04.06;1
Stacey King;82;21.07;08.09;03.03;1
Dana Barros;81;20.01;09.07;03.07;1
Jeff Martin;69;19.06;06.03;02.05;0
Clifford Robinson;82;19.01;09.01;03.06;1
Winston Bennett;55;18;06.01;02.05;0
Chucky Brown;75;17.09;07.03;02.08;1
Michael Ansley;72;17;08.07;03.02;0
Todd Lichti;79;16.08;8;03.02;1
Noah Vonleh;25;10.04;03.03;01.02;0
B.J. Armstrong;81;15.09;05.06;02.03;1
Terry Davis;63;14;04.07;01.09;1
Shawn Kemp;81;13.08;06.05;02.05;1
Tom Hammonds;61;13.02;05.03;02.01;1
Scott Haffner;43;13;04.06;2;0
Randy White;55;12.09;04.03;01.07;1
Kenny Battle;59;12.04;04.01;01.06;0
Donald Royal;66;11.03;05.09;01.08;1
Michael Carter-Williams;70;34.05.00;16.07;06.01;0
Delaney Rudd;77;11;03.05;01.04;0
John Morton;37;10.09;03.09;01.03;0
Greg Grant;67;10.01;03.01;01.02;1
Doug Roth;42;09.08;01.09;00.09;0
Byron Irvin;50;09.08;05.02;01.09;0
Michael Smith;65;09.05;5;02.01;0
Michael Smith;65;09.05;5;02.01;1
Michael Smith;82;21.02;06.09;02.07;0
Michael Smith;82;21.02;06.09;02.07;1
George McCloud;44;09.04;02.07;1;1
Henry Turner;36;08.08;04.03;01.06;0
Charles Smith;60;08.07;02.09;1;1
Charles Smith;60;08.07;02.09;1;1
Charles Smith;60;08.07;02.09;1;0
Charles Smith;71;30.04.00;16.03;06.01;1
Charles Smith;71;30.04.00;16.03;06.01;1
Charles Smith;71;30.04.00;16.03;06.01;0
Charles Smith;34;08.06;03.05;01.04;1
Charles Smith;34;08.06;03.05;01.04;1
Charles Smith;34;08.06;03.05;01.04;0
Ed Horton;45;08.03;04.05;01.08;0
Trey Burke;70;32.03.00;12.08;04.09;0
Frank Kornet;57;07.07;2;00.07;0
Doug West;52;07.03;02.06;1;1
Adrian Caldwell;51;06.05;01.09;00.08;1
Kenny Payne;35;06.02;03.03;01.03;0
Eric Johnson;48;05.07;01.01;00.04;0
Mike Williams;21;04.09;00.07;00.03;0
Mike Morrison;36;04.03;2;00.06;0
Nate Johnston;21;04.01;02.02;00.09;0
Mitch Richmond*;79;34.04.00;22;08.02;1
Willie Anderson;81;33.08.00;18.06;07.09;1
Victor Oladipo;80;31.01.00;13.08;04.09;0
Hersey Hawkins;79;32.06.00;15.01;05.06;1
Kevin Edwards;79;29.07.00;13.08;05.09;1
Grant Long;82;29.07.00;11.09;04.01;1
Rex Chapman;75;29.06.00;16.09;7;1
Brian Shaw;82;28.01.00;08.06;03.06;1
Chris Morris;76;27.06.00;14.01;05.04;1
Gary Grant;71;27.01.00;11.09;05.01;1
Vernon Maxwell;79;26.01.00;11.07;04.05;1
Ben McLemore;82;26.07.00;08.08;03.01;0
Dan Majerle;54;25.01.00;08.06;03.04;1
Sylvester Gray;55;22.02;8;3;0
Ricky Berry;64;22;11;4;0
Tom Garrick;71;21.01;06.04;02.05;0
Michael Anderson;36;20.03;05.07;2;0
Michael Anderson;65;18.05;07.04;02.09;0
Vinny Del Negro;80;19.05;07.01;3;1
Kelvin Upshaw;32;19.03;06.08;03.01;0
Derrick Chievous;81;19;09.03;03.04;0
Ledell Eackles;80;18.02;11.05;4;1
Harvey Grant;71;16.08;05.06;02.05;1
Rod Strickland;81;16.08;08.09;03.03;1
Scott Brooks;82;16.07;05.02;01.09;1
Todd Mitchell;24;14.07;05.01;01.08;0
John Shasky;65;14.05;05.05;01.09;0
Mark Bryant;56;14.03;5;02.01;1
Mark Bryant;36;7;01.06;00.07;1
Shelton Jones;51;13.04;04.08;01.08;0
Eric Leckner;75;10.04;04.03;01.06;1
Jerome Lane;54;10.02;04.08;2;1
Tim Perry;62;09.09;04.01;01.07;1
Jim Les;82;09.05;01.07;00.05;1
Craig Neal;53;09.04;02.02;00.08;0
David Rivers;47;09.04;02.09;1;0
John Starks;36;08.08;04.01;01.04;1
Andrew Lang;62;08.05;02.06;1;1
Bill Jones;37;08.03;03.05;01.04;0
Charles Shackleford;60;08.01;03.01;01.04;1
Morlon Wiley;51;8;02.02;00.09;1
Randolph Keys;42;07.09;4;01.08;1
Mark Davis;33;07.08;03.08;01.05;1
Mark Davis;33;07.08;03.08;01.05;0
Mark Davis;57;10;03.03;1;1
Mark Davis;57;10;03.03;1;0
Troy Williams;24;17.04;05.03;02.01;0
Hollis Thompson;77;22.06;6;02.02;0
Ron Grandison;72;07.03;02.05;00.08;0
Micheal Williams;49;07.03;02.06;1;1
Anthony Frederick;46;06.08;03.03;01.04;0
Avery Johnson;43;06.08;01.06;00.07;1
Everette Stephens;35;6;01.09;00.07;0
Jack Haley;51;05.07;02.02;00.07;1
Duane Ferrell;41;05.06;02.04;00.09;1
Mark Jackson;82;39.06.00;13.06;05.03;1
Kenny Smith;61;35.06.00;13.08;05.04;1
Nate Wolters;58;22.06;07.02;02.09;0
Armen Gilliam;55;32.09.00;14.08;06.02;1
Winston Garland;67;31.07.00;12.04;05.01;1
Joe Wolf;42;27.01.00;07.06;03.02;1
Reggie Williams;35;24.05.00;10.04;04.03;1
Reggie Williams;35;24.05.00;10.04;04.03;1
Greg Anderson;82;24.02.00;11.07;04.06;1
Kevin Johnson;80;24;09.02;03.04;1
Horace Grant;81;22.06;07.07;03.01;1
Reggie Miller*;82;22.04;10;03.07;1
Dennis Hopson;61;22.04;09.06;03.06;1
Ken Norman;66;21.07;08.06;03.07;1
Ryan Kelly;59;22.02;8;02.07;0
Scottie Pippen*;79;20.09;07.09;03.03;1
Derrick McKey;82;20.08;08.05;03.01;1
Muggsy Bogues;79;20.06;5;02.01;1
Tellis Frank;78;20.05;08.01;03.01;1
Ricky Wilson;24;17.05;05.02;01.08;0
Dave Hoppen;39;16.05;05.07;02.02;1
Dallas Comegys;75;15;05.06;02.01;0
Mark Acres;79;14.06;03.06;01.04;1
Michael Jackson;58;13.01;02.07;01.01;0
Tony White;49;11.09;05.03;02.03;0
Brad Lohaus;70;10.03;04.02;01.07;1
Milt Wagner;40;09.05;03.08;01.06;0
Chris Dudley;55;09.03;03.01;01.02;1
Clinton Wheeler;59;08.07;02.05;01.01;0
Billy Donovan;44;08.03;02.04;1;0
Reggie Lewis;49;08.03;04.05;01.08;1
Martin Nessley;44;07.06;01.01;00.05;0
John Stroeder;41;06.06;01.09;00.07;0
Bart Kofoed;36;06.03;01.03;00.05;1
Ray McCallum;45;19.09;06.02;02.05;0
Ralph Lewis;50;06.02;01.07;00.05;0
Ron Harper;82;37.04.00;22.09;9;1
Chuck Person;82;36;18.08;07.07;1
Hot Rod Williams;80;33.09.00;14.06;05.04;1
Brad Daugherty;80;33.07.00;15.07;06.01;1
Nate McMillan;71;27.08.00;05.03;2;1
Kenny Walker;68;25.03.00;10.04;04.02;1
Walter Berry;63;25.02.00;15.09;06.05;0
John Williams;78;22.07;09.02;03.06;1
Kentavious Caldwell-Pope;80;19.08;05.09;02.03;0
Brad Sellers;80;21.09;08.05;03.05;1
David Wingate;77;20.09;08.08;03.04;1
Johnny Dawkins;81;20.08;10.03;04.01;1
William Bedford;50;19.06;06.07;02.08;1
Jeff Hornacek;80;19.05;05.03;2;1
Roy Tarpley;75;18.07;07.05;03.01;1
Mark Price;67;18.02;06.09;02.06;1
John Salley;82;17.08;05.03;2;1
Mark Alarie;64;17.03;07.09;03.04;1
Ben Coleman;68;15.01;06.06;02.07;1
Dennis Rodman*;77;15;06.05;02.08;1
Larry Krystkowiak;68;14.08;06.06;02.05;1
Kenny Gattison;77;14.03;05.02;01.09;1
Tim Kempton;66;14.02;04.04;01.05;1
Harold Pressley;67;13.06;04.06;2;0
Kevin Duckworth;65;13.05;05.04;2;1
Anthony Jones;65;13.02;5;2;0
Mike Brown;62;13.02;04.02;01.07;1
Grant Gondrezick;64;13.01;05.05;02.01;0
Billy Thompson;59;12.09;05.06;02.04;1
Mason Plumlee;70;18.02;07.04;02.08;0
Rafael Addison;62;11.05;05.08;02.04;1
Chris Washburn;35;11;03.08;01.06;0
Keith Smith;42;11;03.03;01.04;0
Johnny Newman;59;10.07;5;01.09;1
Johnny Rogers;45;10.04;04.02;2;0
Dell Curry;67;09.05;04.09;02.01;1
Buck Johnson;60;08.07;03.08;01.06;1
Clinton Smith;41;08.03;03.01;01.02;0
Dave Feitl;62;8;03.07;01.04;1
Bob Martin;43;06.07;03.04;01.02;0
Bob Martin;53;10.01;02.01;00.08;0
Conner Henry;54;6;02.03;00.09;0
Patrick Ewing;50;35.04.00;20;07.07;0
Xavier McDaniel;82;33;17.01;7;1
Karl Malone*;81;30.06.00;14.09;06.02;1
Wayman Tisdale;81;28.01.00;14.07;06.04;1
Benoit Benjamin;79;26.04.00;11.01;04.01;1
Chris Mullin*;55;25.03.00;14;05.02;1
Gerald Wilkins;81;25;12.05;05.04;1
Joe Dumars*;82;23.09;09.04;03.05;1
Cody Zeller;82;17.03;6;02.01;0
Charles Oakley;77;23;09.06;03.06;1
Jon Koncak;82;20.07;08.03;03.02;1
Keith Lee;58;20.06;07.04;03.01;0
Ed Pinckney;80;20;08.05;03.02;1
A.C. Green;82;18.08;06.04;02.05;1
Bob Thornton;71;18.06;04.07;01.08;1
Terry Catledge;64;17.01;07.07;03.02;1
Spud Webb;79;15.06;07.08;02.05;1
Terry Porter;79;15.04;07.01;02.07;1
Marquese Chriss;34;17.01;7;02.07;0
Nick Calathes;71;16.05;04.09;2;0
Carey Scurry;78;15;04.07;01.08;0
Dirk Minniefield;76;14.09;05.05;02.02;0
Joe Kleine;80;14.08;05.02;2;1
Alfredrick Hughes;68;12.07;05.02;02.02;0
Ken Johnson;64;12.07;04.01;01.08;0
Ken Johnson;64;12.07;04.01;01.08;0
Pete Williams;53;10.08;02.08;01.03;0
Bill Martin;66;10.05;5;02.02;0
Tony Snell;77;16;04.05;01.07;0
Fred Cofield;45;10.04;03.07;01.07;0
Dwayne McClain;45;10.02;03.05;01.05;0
John Battle;64;10;04.03;01.06;1
Jerry Reynolds;55;09.02;03.07;01.03;1
Steve Harris;57;08.05;04.05;01.08;1
Lorenzo Charles;36;07.06;03.04;01.04;0
Sam Vincent;57;07.06;03.02;1;1
Blair Rasmussen;48;06.09;03.02;01.03;1
Phil Pressey;75;15.01;02.08;1;0
Michael Jordan*;82;38.03.00;28.02.00;10.02;1
Vern Fleming;80;31.01.00;14.01;05.04;1
Sam Bowie;76;29.02.00;10;03.09;1
Charles Barkley*;82;28.06.00;14;05.02;1
Sam Perkins;82;28.03.00;11;04.02;1
Jay Humphries;80;25.08.00;08.08;03.05;1
Melvin Turpin;79;24.07.00;10.06;04.06;1
Otis Thorpe;82;23.04;12.08;5;1
Kevin Willis;82;21.08;09.03;03.09;1
Michael Cage;75;21.05;07.01;02.09;1
Alvin Robertson;79;21.03;09.02;03.08;1
Tim McCormick;78;20.03;09.03;03.04;1
Charles Jones;78;20.01;08.04;3;1
Charles Jones;78;20.01;08.04;3;0
Charles Jones;78;20.01;08.04;3;0
Charles Jones;29;16.04;03.07;01.03;1
Charles Jones;29;16.04;03.07;01.03;0
Charles Jones;29;16.04;03.07;01.03;0
Jeff Turner;72;19.08;05.08;02.04;1
Tony Brown;82;19.03;06.06;02.06;1
Antoine Carr;62;19.03;8;03.02;1
Steve Colter;78;18.07;07.01;02.08;1
Ken Bannister;75;18.07;06.08;02.08;1
John Stockton*;82;18.02;05.06;01.09;1
Terence Stansbury;74;17.03;07.01;02.08;0
Othell Wilson;74;17;04.04;01.08;0
Eddie Lee Wilkins;54;17;05.05;02.01;1
Chuck Aleksinas;74;15.01;05.01;02.02;0
Ron Anderson;36;14.04;05.08;02.03;1
Frank Brickowski;78;14.03;04.09;01.09;1
Ozell Jones;67;13.03;03.07;01.06;0
Devin Durrant;59;12.08;05.01;01.09;0
Jerome Kersey;77;12.04;06.01;02.03;1
Ron Cavenall;53;12.03;01.05;00.05;0
Jim Petersen;60;11.09;03.02;01.02;1
Tony Campbell;56;11.02;05.06;02.03;1
Lancaster Gordon;63;10.08;04.01;01.07;0
Gary Plummer;66;10.06;03.08;01.04;0
Kenny Fields;51;10.05;03.08;01.06;0
Cory Blackwell;60;09.02;03.04;01.05;0
Bernard Thompson;59;09.01;03.03;01.03;1
Peter Thibeaux;51;9;04.05;01.08;0
Steve Burtt;47;08.09;04.02;01.05;0
Leon Wood;38;07.01;03.02;01.03;1
Charlie Sitton;43;07.01;02.01;00.09;0
Tom Scheffler;39;06.09;01.03;00.05;0
Willie White;39;6;03.03;01.03;0
Rick Carlisle;38;04.07;01.08;00.07;1
Ralph Sampson*;82;32.08.00;21;08.07;1
Steve Stipanovich;81;30;12;04.08;1
Ennis Whatley;80;27;08.04;03.03;1
Rodney McCray;79;26.03.00;10.08;04.02;1
Anthony Bonner;52;12.08;04.02;01.05;1
Mitchell Wiggins;82;25.09.00;12.04;04.09;1
Thurl Bailey;81;24.08.00;08.05;03.07;1
Jeff Malone;81;24.04.00;12.01;5;1
Doc Rivers;81;23.09;09.03;03.01;1
Roy Hinson;80;23.02;05.05;02.03;1
Byron Scott;74;22.01;10.06;04.05;1
Paul Thompson;82;21.01;9;03.08;0
Derek Harper;82;20.09;05.07;02.04;1
Fred Roberts;79;19.04;07.03;02.07;1
Rod Foster;80;17.08;08.03;03.03;0
Dewayne Dedmon;31;12.06;03.01;01.02;0
Jon Sundvold;73;17.06;06.09;3;1
Clyde Drexler*;82;17.02;07.07;03.01;1
Jim Thomas;72;16.09;06.03;02.06;0
Darrell Walker;82;16.01;07.09;02.06;1
Sidney Lowe;78;15.09;04.02;01.04;0
Dale Ellis;67;15.08;08.02;03.04;1
Darren Daye;75;15.07;06.01;02.04;1
Randy Wittman;78;13.07;04.05;02.01;1
Sidney Green;49;13.06;05.02;2;1
Granville Waiters;78;13.03;03.06;01.06;1
C.J. McCollum;38;12.05;05.03;01.09;0
Howard Carter;55;12.05;06.02;02.06;0
Dane Suttle;40;11.07;06.05;02.07;0
Scooter McCray;47;11.01;02.07;1;0
Sedale Threatt;45;10.03;03.03;01.04;1
John Paxson;49;09.03;02.09;01.02;1
Leroy Combs;48;09.03;04.05;01.07;0
Larry Micheaux;39;08.05;03.01;01.03;0
Randy Breuer;57;08.03;02.09;01.02;1
Pace Mannion;57;08.02;02.01;00.09;1
Kris Dunn;33;16.09;04.01;01.05;0
Robbie Hummel;53;12.04;03.04;01.03;0
Bruce Kuczenski;15;07.09;01.09;00.07;0
Russell Cross;45;07.09;03.07;01.04;0
Bob Hansen;55;07.06;02.07;01.02;1
Greg Kite;35;05.06;01.09;00.09;1
Terry Cummings;70;36.02.00;23.07;09.08;1
Clark Kellogg;81;34.01.00;20.01;08.04;1
Quintin Dailey;76;27.04.00;15.01;06.02;1
Rod Higgins;82;26.08.00;10.03;03.08;1
Craig Hodges;76;26.06.00;09.09;04.02;1
Jeff Withey;58;11.08;03.03;01.02;0
James Worthy*;77;25.06.00;13.04;05.08;1
Trent Tucker;78;23.05;08.04;03.08;1
Terry Teagle;73;23.04;10.04;04.05;1
Marc Iavaroni;80;20.02;05.01;2;1
Ed Nealy;82;20;04.04;01.08;1
Rob Williams;74;19.05;7;02.06;0
Jerry Eaves;82;19.04;09.03;03.04;0
Paul Pressey;79;19.03;06.07;02.07;1
Brandon Davies;51;11.03;02.08;01.01;0
Lester Conner;75;18.09;04.09;01.09;1
Mark Eaton;81;18.09;04.03;01.08;1
Bill Garnett;75;18.08;06.03;02.03;0
Jeff Taylor;44;17.06;03.06;01.05;0
Jeff Taylor;77;19.06;06.01;02.02;0
Bryan Warrick;43;16.09;4;01.05;0
Sleepy Floyd;76;16.04;08.01;3;1
Richard Anderson;78;16.03;05.02;02.02;1
Russ Schoene;77;15.09;06.02;02.07;0
John Bagley;68;14.06;05.07;02.04;1
Archie Goodwin;52;10.03;03.07;01.05;0
Cliff Levingston;62;14.02;05.06;02.01;1
LaSalle Thompson;71;13.09;05.04;02.01;1
Bruce Flowers;53;13.02;04.09;02.01;0
Corny Thompson;44;11.08;02.08;1;0
Walker Russell;68;11.01;02.07;1;0
Walker Russell;68;11.01;02.07;1;1
David Thirdkill;49;10.06;4;01.05;1
Dave Batton;54;10.03;03.03;01.06;0
Darren Tillis;52;10.01;03.02;01.05;0
Brook Steppe;62;09.08;4;01.04;1
Rory White;65;09.06;5;2;1
Andre Roberson;40;10;01.09;00.08;0
Linton Townes;55;09.04;04.05;01.09;0
Eddie Phillips;48;08.07;03.02;01.02;0
Jim Johnstone;23;08.03;01.03;00.05;0
Jose Slaughter;63;08.02;03.06;01.04;0
Rickey Williams;44;07.09;03.03;01.03;0
Chris Engler;54;06.08;01.05;00.07;1
Ricky Pierce;39;06.08;02.02;00.08;1
Mark McNamara;36;05.01;02.02;00.08;1
Scott Hastings;31;04.05;01.02;00.04;1
Oliver Robinson;35;04.02;02.09;1;0
Kelly Tripucka;82;37.05.00;21.06;07.08;1
Buck Williams;82;34.05.00;15.05;06.03;1
Isiah Thomas*;72;33.08.00;17;06.03;1
Tom Chambers;81;33.01.00;17.02;06.08;1
Jay Vincent;81;32.04.00;21.04;08.09;1
Mark Aguirre;51;28.08.00;18.07;07.05;1
Herb Williams;82;27.08.00;11.05;5;1
Jeff Ruland;82;27;14.04;05.01;1
Frank Johnson;79;25.07.00;10.07;04.03;1
Elston Turner;80;25;08.03;03.05;1
Steve Johnson;78;22.03;12.08;05.01;1
Albert King;76;22.03;12.01;05.01;1
Gene Banks;80;21.03;09.06;03.09;1
Eddie Johnson;74;20.05;09.03;4;1
Eddie Johnson;74;20.05;09.03;4;1
Danny Schayes;82;19.08;07.09;03.01;1
Rudy Macklin;79;19.02;7;02.07;0
Sam Williams;59;18.02;06.01;02.06;0
Kurt Rambis;64;17.07;04.06;01.08;1
Kurt Nimphius;63;17.02;05.03;02.02;1
Pete Verhoeven;71;17;04.09;02.01;1
Darnell Valentine;82;16.09;06.04;02.03;1
Jim Brogan;63;16.03;06.03;02.06;0
John Douglas;64;16.01;7;02.08;0
Kevin Loder;71;16;06.09;02.09;0
Orlando Woolridge;75;15.08;07.03;02.07;1
Alton Lister;80;14.08;04.05;01.09;1
Larry Nance;80;14.08;06.06;02.08;1
Danny Vranes;77;14;04.09;01.09;1
Ed Rains;49;13;03.09;01.06;0
Peyton Siva;24;09.03;02.03;00.08;0
Jim Smith;72;11.09;02.09;01.02;0
Jeff Lamp;54;11.04;04.06;01.09;1
Ray Blume;49;11.01;04.06;02.01;0
Garry Witts;46;10.07;02.09;01.01;0
Charlie Davis;54;10.06;03.08;01.06;0
Danny Ainge;53;10.06;04.01;01.05;1
Mike McGee;39;9;04.09;02.01;1
Mark Radford;43;08.06;03.04;01.03;0
Alex Bradley;39;08.05;03.05;01.04;0
Reggie Bullock;43;09.02;02.07;1;0
Howard Wood;42;08.01;03.04;01.03;0
Franklin Edwards;42;06.09;03.06;01.05;1
Bobby Cattage;49;06.09;03.01;01.02;0
Charles Bradley;51;06.06;3;01.01;0
Kevin McKenna;36;06.06;01.09;00.08;1
Joe Barry Carroll;82;35.06.00;18.09;07.05;1
Darrell Griffith;81;35.04.00;20.06;08.08;1
Larry Smith;82;31.04.00;09.06;03.07;1
Mike O'Koren;79;31.03.00;11;04.06;1
Kelvin Ransey;80;30.04.00;15.02;06.06;1
Malcolm Delaney;33;16.04;05.03;2;0
Otto Porter;37;08.06;02.01;00.09;0
Bill Laimbeer;81;30.04.00;09.08;04.02;1
Michael Brooks;82;30.02.00;14.07;6;1
Mike Gminski;56;28.02.00;13.02;05.02;1
Darwin Cook;81;24.04.00;11.02;04.07;1
Andrew Toney;75;23.06;12.09;05.03;1
Cedrick Hordges;68;23.05;08.04;03.03;0
Calvin Garrett;70;23.04;06.01;02.07;0
Don Collins;81;22.08;11.05;04.04;1
Louis Orr;82;21.08;10.05;04.02;1
Reggie Johnson;79;21.07;10.02;04.03;0
Larry Drew;76;20.08;06.06;02.06;1
Larry Drew;76;20.08;06.06;02.06;0
Kevin McHale*;82;20.01;10;04.03;1
Lowes Moore;71;19.08;7;3;0
Wayne Robinson;81;19.07;07.09;02.09;0
Johnny Moore;82;19.02;07.04;3;1
Jeff Wilkins;56;18.09;04.07;02.01;1
Kyle Macy;82;17.09;08.01;03.03;1
Bill Hanzlik;74;17;05.04;01.09;1
Solomon Hill;28;08.01;01.07;00.06;0
Edgar Jones;60;15.08;08.07;03.02;1
Sam Worthen;64;14.08;03.07;01.05;0
James Johnson;68;14.04;05.03;01.09;1
James Johnson;65;11.06;03.09;01.05;1
Lorenzo Romar;53;13.07;04.01;01.06;1
Rick Mahorn;52;13.04;04.08;02.01;1
Rickey Brown;45;12.09;4;01.08;1
Butch Carter;54;12.04;05.06;02.01;1
Mike Woodson;81;11.07;04.07;2;1
John Duren;40;11.05;01.08;00.08;0
James Wilkes;48;11.03;04.01;01.08;0
Shabazz Muhammad;37;07.08;03.09;01.05;0
DeWayne Scales;44;11;04.09;02.01;0
Craig Shelton;55;10.07;04.03;01.08;0
Earl Cureton;52;10.02;04.02;01.08;1
Billy Reid;59;10.01;03.02;01.04;0
Jerry Sichting;47;09.06;2;00.07;1
Reggie Carter;60;08.09;02.08;1;0
Mike Harper;55;08.04;02.07;1;0
Mike Niles;44;05.03;02.06;01.01;0
Toure' Murry;51;07.03;02.07;01.01;0
Dionte Christmas;31;06.04;02.03;00.07;0
Damian Lillard;82;38.06.00;19;06.07;1
Bradley Beal;56;31.02.00;13.09;5;1
Semaj Christon;33;15.06;3;01.03;0
Anthony Davis;64;28.08.00;13.05;05.05;1
Dion Waiters;61;28.08.00;14.07;05.05;1
Kyle Singler;82;28;08.08;03.04;1
Tyler Zeller;77;26.04.00;07.09;03.02;1
Maurice Harkless;76;26;08.02;03.04;1
Michael Kidd-Gilchrist;78;26;9;03.06;1
Harrison Barnes;81;25.04.00;09.02;03.04;1
Austin Rivers;61;23.02;06.02;02.04;1
Caris LeVert;12;15.05;04.07;01.06;0
Andre Drummond;60;20.07;07.09;03.05;1
Jared Sullinger;45;19.08;6;02.05;0
Meyers Leonard;69;17.05;05.05;02.02;1
Patrick Beverley;41;17.04;05.06;01.09;1
Jae Crowder;78;17.03;5;01.08;1
Brian Roberts;78;17;07.01;02.07;1
Terrence Ross;73;17;06.04;02.05;1
Chris Copeland;56;15.04;08.07;03.03;0
Thomas Robinson;70;15.01;04.08;2;1
John Jenkins;61;14.08;06.01;02.01;1
Kendall Marshall;48;14.06;3;01.02;0
Draymond Green;79;13.04;02.09;01.01;1
Darius Miller;52;13.03;02.03;00.08;0
John Henson;63;13.01;6;02.06;1
Sheldon McClellan;11;13.07;04.08;01.05;0
DeQuan Jones;63;12.07;03.07;01.05;0
Doron Lamb;47;12.03;03.03;01.03;0
Will Barton;73;12.02;4;01.06;1
Orlando Johnson;51;12.01;4;01.04;0
Arnett Moultrie;47;11.05;03.07;01.07;0
Kyle O'Quinn;57;11.02;04.01;01.08;1
Bernard James;46;09.09;02.08;01.02;0
Kim English;41;09.09;02.09;1;0
Rodney McGruder;30;25.07.00;05.08;02.01;0
Mike Scott;40;09.04;04.06;01.08;1
Marquis Teague;48;08.02;02.01;00.09;0
Tony Wroten;35;07.08;02.06;00.09;0
Maalik Wayns;27;07.05;02.08;1;0
Jeremy Lamb;23;06.04;03.01;1;1
Brandon Knight;66;32.03.00;12.08;04.08;1
MarShon Brooks;56;29.04.00;12.06;04.09;0
Iman Shumpert;59;28.09.00;09.05;03.06;1
Chandler Parsons;63;28.06.00;09.05;03.09;1
Kemba Walker;66;27.02.00;12.01;04.03;1
Isaiah Thomas;65;25.05.00;11.05;03.09;1
Klay Thompson;66;24.04.00;12.05;04.08;1
Kawhi Leonard;64;24;07.09;03.01;1
Wade Baldwin;22;13.05;03.05;01.02;0
Kenneth Faried;46;22.05;10.02;03.09;1
Chris Singleton;66;21.07;04.06;01.08;0
Derrick Williams;66;21.05;08.08;03.01;1
Donald Sloan;33;20.03;05.05;02.04;1
Markieff Morris;63;19.05;07.04;02.08;1
Norris Cole;65;19.04;06.08;02.07;1
Jimmer Fredette;61;18.06;07.06;02.08;1
Charles Jenkins;51;17.05;05.08;02.05;0
Jaylen Brown;34;13.04;04.09;01.09;0
Ivan Johnson;56;16.07;06.04;02.05;0
Alec Burks;59;15.09;07.02;02.06;1
Lavoy Allen;41;15.02;04.01;01.09;1
Lance Thomas;42;15;4;01.04;1
Jordan Williams;43;14.08;04.06;01.08;0
Josh Harrellson;37;14.06;04.04;01.07;0
Greg Stiemsma;55;13.09;02.09;01.02;0
Jeremy Tyler;42;13.05;04.09;02.01;0
Malcolm Lee;19;12.08;03.03;01.02;0
Nolan Smith;44;12.03;03.08;01.05;0
Shelvin Mack;64;12.02;03.06;01.04;1
Jon Leuer;46;12.01;04.07;02.01;1
Tobias Harris;42;11.04;5;01.09;1
Cory Higgins;38;11.01;03.09;01.04;0
Andrew Goudelock;40;10.05;04.04;01.07;0
Jordan Hamilton;26;09.09;04.04;01.08;1
Mickell Gladness;26;09.07;02.02;1;0
Patrick McCaw;26;12.02;02.08;01.01;0
Jeremy Pargo;44;09.06;02.09;01.01;0
E'Twaun Moore;38;08.07;02.09;01.01;1
Jimmy Butler;42;08.05;02.06;00.08;1
JaJuan Johnson;36;08.03;03.02;01.05;0
Blake Griffin;82;38;22.05;08.05;1
John Wall;69;37.08.00;16.04;05.08;1
Landry Fields;82;31;09.07;03.06;1
DeMarcus Cousins;81;28.05.00;14.01;05.03;1
Greg Monroe;80;27.08.00;09.04;03.08;1
Wesley Johnson;79;26.02.00;9;03.04;1
Ed Davis;65;24.06.00;07.07;03.03;1
Jordan Crawford;42;24.05.00;11.07;04.06;0
Evan Turner;78;23;07.02;02.09;1
Eric Bledsoe;81;22.07;06.07;02.05;1
Gary Neal;80;21.01;09.08;03.06;1
Paul George;61;20.07;07.08;02.09;1
Derrick Favors;78;19.07;06.08;02.08;1
Kay Felder;15;11;05.04;01.08;0
Al-Farouq Aminu;81;17.09;05.06;2;1
Ekpe Udoh;58;17.08;04.01;01.07;1
Manny Harris;54;17.03;05.09;2;0
Gordon Hayward;72;16.09;05.04;2;1
Patrick Patterson;52;16.07;06.03;02.09;1
Trevor Booker;65;16.04;05.03;02.01;1
Larry Sanders;60;14.05;04.03;01.09;1
Luke Harangody;49;13.01;03.09;01.06;0
Quincy Pondexter;66;11.01;02.08;01.01;1
Ben Uzoh;42;10.04;03.08;01.05;0
Ish Smith;43;10.03;02.03;1;1
Lazar Hayward;42;10;03.08;01.03;0
Jeremy Evans;49;09.04;03.06;01.06;1
Cole Aldrich;18;07.09;1;00.04;1
Armon Johnson;38;07.03;02.09;01.02;0
Mustafa Shakur;22;07.02;02.03;1;0
Derrick Caracter;41;05.02;2;00.08;0
Tyreke Evans;72;37.02.00;20.01;07.04;1
Stephen Curry;80;36.02.00;17.05;06.06;1
Brandon Jennings;82;32.06.00;15.05;05.05;1
Denzel Valentine;22;10.06;02.05;00.08;0
Jonny Flynn;81;28.09.00;13.05;04.09;0
Darren Collison;76;27.08.00;12.04;04.09;1
Taj Gibson;82;26.09.00;9;03.08;1
Marcus Thornton;73;25.06.00;14.05;05.05;1
Wesley Matthews;82;24.07.00;09.04;03.03;1
Jrue Holiday;73;24.02.00;8;03.02;1
James Harden;76;22.09;09.09;03.01;1
Terrence Williams;78;22.06;08.04;03.03;0
Taurean Waller-Prince;20;10;03.04;01.02;0
DeMar DeRozan;77;21.06;08.06;03.03;1
Ty Lawson;65;20.03;08.03;03.01;1
Chase Budinger;74;20.01;08.09;03.04;1
Toney Douglas;56;19.04;08.06;03.02;1
DeJuan Blair;82;18.02;07.08;03.04;1
Wayne Ellington;76;18.02;06.06;02.05;1
Sam Young;80;16.05;07.04;02.08;0
Eric Maynor;81;15.07;04.07;01.09;1
A.J. Price;56;15.04;07.03;02.06;1
Karl-Anthony Towns;82;32;18.03;07.06;0
Jordan Hill;47;13.03;05.02;02.01;1
Austin Daye;69;13.03;05.01;2;1
Chris Hunter;60;13.01;04.05;01.08;0
Jon Brockman;52;12.06;02.08;01.01;0
Garrett Temple;27;12.04;5;01.06;1
Jodie Meeks;60;12;04.07;01.07;1
Dante Cunningham;63;11.02;03.09;01.07;1
DeMarre Carroll;71;11.02;02.09;01.02;1
Jeff Ayres;39;10.04;02.07;01.01;1
Jeff Teague;71;10.01;03.02;01.03;1
Derrick Brown;57;09.04;03.03;01.02;0
DaJuan Summers;44;09.02;3;1;0
Gerald Henderson;43;08.03;02.06;00.09;1
Gerald Henderson;43;08.03;02.06;00.09;1
Earl Clark;51;07.05;02.07;01.01;1
Cedric Jackson;12;06.03;01.07;00.05;0
Marcus Landry;18;06.02;02.04;00.09;0
Jahlil Okafor;53;30;17.05;07.05;0
Lester Hudson;25;05.02;02.03;00.08;0
O.J. Mayo;82;38;18.05;06.09;1
Derrick Rose;81;37;16.08;07.01;1
Eric Gordon;78;34.03.00;16.01;05.03;1
Russell Westbrook;82;32.05.00;15.03;05.03;1
Mario Chalmers;82;32;10;03.04;1
Brook Lopez;82;30.05.00;13;05.05;1
Jason Thompson;82;28.01.00;11.01;04.03;1
D.J. Augustin;72;26.05.00;11.08;03.07;1
Justise Winslow;78;28.06.00;06.04;02.05;0
Kevin Love;81;25.03.00;11.01;03.09;1
Courtney Lee;77;25.02.00;08.04;03.02;1
Michael Beasley;81;24.08.00;13.09;05.06;1
Brandon Rush;75;24;08.01;03.02;1
Anthony Morrow;67;22.06;10.01;03.08;1
Greg Oden;61;21.05;08.09;03.02;0
Kyle Weaver;56;20.08;05.03;2;0
Ryan Anderson;66;19.09;07.04;02.04;1
Darrell Arthur;76;19.03;05.06;02.05;1
George Hill;77;16.05;05.07;01.09;1
Marreese Speights;79;16;07.07;03.02;1
JaVale McGee;75;15.02;06.05;02.05;1
Mike Taylor;51;15.01;05.07;02.02;0
DeAndre Jordan;53;14.05;04.03;01.08;1
Roy Hibbert;70;14.04;07.01;02.08;1
Bobby Brown;68;13.07;05.03;02.01;0
D'Angelo Russell;80;28.02.00;13.02;04.09;0
Chris Douglas-Roberts;44;13.03;04.09;01.08;1
Jerryd Bayless;53;12.04;04.03;01.03;1
Cory Alexander;59;12.01;04.07;01.07;1
Cory Alexander;60;09.03;02.08;01.01;1
Kosta Koufos;48;11.08;04.07;2;1
Rob Kurz;40;11.01;03.09;01.03;0
Anthony Tolliver;19;10.09;02.07;1;1
Devin Booker;76;27.07.00;13.08;04.08;0
Robin Lopez;60;10.02;03.01;01.02;1
Darnell Jackson;51;08.04;01.09;00.07;0
Sean Singletary;37;08.02;02.04;00.08;0
Kevin Durant;80;34.06.00;20.03;07.03;1
Jeff Green;80;28.02.00;10.05;4;1
Jamario Moon;78;27.08.00;08.05;03.06;1
Al Thornton;79;27.03.00;12.07;04.07;0
Mike Conley;53;26.01.00;09.04;03.06;1
Stanley Johnson;73;23.01;08.01;03.01;0
Daequan Cook;59;24.04.00;08.08;03.03;1
Corey Brewer;79;22.08;05.08;02.03;1
Thaddeus Young;74;21;08.02;03.06;1
Joakim Noah;74;20.07;06.06;02.04;1
Wilson Chandler;35;19.06;07.03;3;1
Rodney Stuckey;57;19;07.06;02.07;1
Jared Dudley;73;19;05.08;02.02;1
Sean Williams;73;17.05;05.06;02.02;0
Myles Turner;60;22.08;10.03;04.04;0
Carl Landry;42;16.09;08.01;03.02;1
Acie Law;56;15.04;04.02;01.07;0
Nick Young;75;15.04;07.05;02.08;1
Jason Smith;76;14.06;04.05;01.09;1
Glen Davis;69;13.06;04.05;01.06;1
Javaris Crittenton;50;13.06;05.06;2;0
Spencer Hawes;71;13.01;04.07;02.01;1
Arron Afflalo;75;12.09;03.07;01.03;1
Aaron Brooks;51;11.09;05.02;01.08;1
C.J. Watson;32;11.05;03.07;01.03;1
Julian Wright;57;11.02;03.09;01.06;0
Chris Richard;52;10.07;01.09;00.08;0
Nick Fazekas;26;10.03;04.01;01.08;0
Aaron Gray;61;10;04.03;01.07;1
Dominic McGuire;70;09.09;01.03;00.06;1
Brandan Wright;38;09.09;4;01.06;1
Jermareo Davidson;38;08.05;03.02;01.03;0
Mario West;64;04.02;00.09;00.03;0
Demetris Nichols;14;03.01;01.01;00.04;0
Willie Cauley-Stein;66;21.04;7;02.09;0
Brandon Roy;57;35.04.00;16.08;06.01;1
Adam Morrison;78;29.08.00;11.08;04.06;0
Rudy Gay;78;27;10.08;04.01;1
Rajon Rondo;78;23.05;06.04;02.04;1
Randy Foye;82;22.09;10.01;03.07;1
LaMarcus Aldridge;63;22.01;9;03.08;1
Tarence Kinsey;48;20.01;07.07;02.09;0
Josh Richardson;52;21.03;06.06;02.04;0
Craig Smith;82;18.07;07.04;3;1
Shelden Williams;81;18.07;05.05;2;1
Paul Millsap;82;18;06.08;02.05;1
Rodney Carney;67;17.04;06.06;02.07;1
Marcus Williams;79;16.06;06.08;02.06;0
Marcus Williams;79;16.06;06.08;02.06;0
Daniel Gibson;60;16.05;04.06;01.06;1
Renaldo Balkman;68;15.06;04.09;2;1
Rondae Hollis-Jefferson;29;21.02;05.08;02.02;0
Jordan Farmar;72;15.01;04.04;01.07;1
Allan Ray;47;15.01;06.02;02.01;0
Mardy Collins;52;14.09;04.05;01.07;0
J.J. Redick;42;14.08;6;01.09;1
Tyrus Thomas;72;13.04;05.02;01.09;1
Alexander Johnson;59;12.08;04.04;01.05;0
Cedric Simmons;43;12.04;02.09;01.03;0
Frank Kaminsky;81;21.01;07.05;02.07;0
Shawne Williams;46;12.01;03.09;01.06;1
Ronnie Brewer;56;12.01;04.06;01.08;1
David Noel;68;11.06;02.07;1;0
Solomon Jones;58;11.05;03.03;01.01;1
Leon Powe;63;11.04;04.02;01.03;1
Hilton Armstrong;56;11.03;03.01;01.02;1
Josh Boone;61;11;04.02;01.06;0
Lynn Greer;41;10.05;04.01;01.05;0
Chris Quinn;42;09.07;03.04;01.01;1
Anthony Brown;29;20.07;4;01.03;0
Quincy Douby;42;08.05;02.08;01.01;0
Hassan Adams;61;08.01;02.09;01.02;0
Bobby Jones;44;07.06;02.05;1;1
Bobby Jones;44;07.06;02.05;1;0
Andre Brown;38;07.01;02.04;01.01;0
Steve Novak;35;05.05;01.05;00.05;1
Chris Paul;78;36;16.01;05.02;1
Raymond Felton;80;30.01.00;11.09;04.03;1
Charlie Villanueva;81;29.01.00;13;05.04;1
Luther Head;80;28.09.00;08.08;03.02;1
Deron Williams;80;28.08.00;10.08;04.02;1
Larry Nance Jr.;63;20.01;05.05;02.05;0
Marvin Williams;79;24.07.00;08.05;3;1
Channing Frye;65;24.02.00;12.03;04.07;1
Danny Granger;78;22.06;07.05;02.08;1
Ryan Gomes;61;22.06;07.06;02.08;1
Nate Robinson;72;21.04;09.03;03.02;1
Salim Stoudamire;61;20.03;09.07;03.03;0
Jarrett Jack;79;20.02;06.07;02.04;1
T.J. McConnell;81;19.08;06.01;02.07;0
Joey Graham;80;19.08;06.07;02.05;1
Monta Ellis;49;18.01;06.08;02.07;1
Martell Webster;61;17.05;06.06;02.03;1
Rashad McCants;79;17.02;07.09;03.01;0
David Lee;67;16.09;05.01;2;1
David Lee;67;16.09;05.01;2;0
Alan Anderson;36;15.07;05.08;02.01;1
Orien Greene;80;15.04;03.02;01.03;0
Ike Diogu;69;14.09;7;02.05;1
Daniel Ewing;66;14.07;03.08;01.05;0
Gerald Fitch;18;13.03;04.07;01.07;0
James Singleton;59;12.08;03.04;01.03;1
Josh Powell;37;11.06;3;1;1
Hakim Warrick;68;10.06;04.01;01.05;1
Wayne Simien;43;09.06;03.04;01.03;0
Antoine Wright;39;09.05;01.08;00.07;1
Donell Taylor;51;09.01;02.07;1;0
C.J. Miles;23;08.08;03.04;01.02;1
Malcolm Brogdon;32;22.09;08.03;03.02;0
Kevin Burleson;39;08.07;01.08;00.06;0
Shavlik Randolph;57;08.05;02.03;00.08;1
Andrew Bynum;46;07.03;01.06;00.07;1
Lawrence Roberts;33;05.05;01.05;00.06;0
Emeka Okafor;73;35.06.00;15.01;06.01;1
Andre Iguodala;82;32.08.00;9;03.03;1
Dwight Howard;82;32.06.00;12;04.03;1
Josh Childress;80;29.07.00;10.01;03.08;1
Josh Smith;74;27.07.00;09.07;03.07;1
Chris Duhon;82;26.05.00;05.09;02.01;1
J.R. Smith;76;24.05.00;10.03;03.09;1
Quinton Ross;78;21.03;05.01;02.01;1
Jameer Nelson;79;20.04;08.07;03.06;1
Bobby Portis;62;17.08;7;3;0
Sebastian Telfair;68;19.06;06.08;02.05;1
Matt Freije;23;19.02;4;01.06;0
Matt Bonner;82;18.09;07.02;3;1
David Harrison;43;17.07;06.01;02.05;0
Trevor Ariza;80;17.03;05.09;02.02;1
Nick Collison;82;17;05.06;02.03;1
Tony Allen;77;16.04;06.04;02.04;1
Devin Harris;76;15.04;05.07;02.01;1
Jackson Vroman;46;15.03;04.06;01.08;0
Al Jefferson;71;14.08;06.07;02.07;1
Billy Thomas;25;14.02;03.07;01.04;0
Kirk Snyder;68;13.03;5;01.08;0
Royal Ivey;62;13;03.05;01.04;1
Kris Humphries;67;13;04.01;01.07;1
Delonte West;39;13;04.05;01.07;1
Andre Barrett;38;12.07;03.01;01.02;0
Lionel Chalmers;36;12;03.01;01.02;0
Jerian Grant;76;16.06;05.06;2;0
Donta Smith;38;11.04;03.03;01.02;0
James Thomas;11;10.06;02.04;01.01;0
Kevin Martin;45;10.01;02.09;1;1
LeBron James;79;39.05.00;20.09;07.09;1
Carmelo Anthony;82;36.05.00;21;07.06;1
Kirk Hinrich;76;35.06.00;12;04.02;1
Dwyane Wade;61;34.09.00;16.02;06.01;1
Chris Bosh;75;33.05.00;11.05;04.04;1
Jarvis Hayes;70;29.02.00;09.06;4;1
T.J. Ford;55;26.08.00;07.01;02.08;1
Keith Bogans;73;24.05.00;06.08;02.05;1
Udonis Haslem;75;23.09;07.03;02.07;1
Josh Howard;67;23.07;08.06;03.04;1
Chris Kaman;82;22.05;06.01;02.04;1
Tyus Jones;37;15.05;04.02;01.05;0
Matt Barnes;38;19.01;04.05;01.07;1
Ronald Dupree;47;19;06.02;02.04;1
Steve Blake;75;18.06;05.09;02.01;1
Marquis Daniels;56;18.06;08.05;03.06;1
Linton Johnson;41;17.09;04.02;01.08;1
Marcus Banks;81;17.01;05.09;02.02;1
Luke Ridnour;69;16.01;05.05;02.01;1
Willie Green;53;14.05;06.09;02.07;1
Chris McCullough;24;15.01;04.07;01.08;0
Mo Williams;57;13.05;5;2;1
David West;71;13.01;03.08;01.05;1
Brian Cook;35;12.06;04.04;01.09;1
Travis Hansen;41;12.04;3;01.01;0
Kyle Korver;74;11.09;04.05;01.06;1
Norman Powell;49;14.08;05.06;2;0
Brandon Hunter;36;11.03;03.05;01.05;0
Jason Kapono;41;10.04;03.05;01.03;1
Luke Walton;72;10.01;02.04;00.09;1
Reece Gaines;38;09.06;01.08;00.07;0
Richie Frahm;54;08.07;03.04;01.02;0
Matt Carroll;16;04.04;01.02;00.04;1
Caron Butler;78;36.06.00;15.04;05.05;1
Jonathon Simmons;55;14.08;6;02.02;0
Amar'e Stoudemire;82;31.03.00;13.05;04.08;1
Dajuan Wagner;47;29.05.00;13.04;04.07;0
Drew Gooden;70;26.08.00;12.05;05.01;1
Jay Williams;75;26.01.00;09.05;03.06;0
Carlos Rogers;81;25.03.00;10;04.01;1
Carlos Rogers;49;20.08;08.09;03.07;1
Junior Harrington;82;24.04.00;05.01;02.01;0
J.R. Bremer;64;23.05;08.03;02.07;0
Dorian Finney-Smith;33;22.08;05.02;01.09;0
Rashad Vaughn;70;14.03;03.01;01.02;0
Vincent Yarbrough;59;23.04;06.09;02.08;0
Rasual Butler;72;21;07.05;02.09;1
Reggie Evans;67;20.04;03.02;1;1
Smush Parker;66;16.07;06.02;02.01;1
Mike Batiste;75;16.06;06.04;02.06;0
Mike Dunleavy;82;15.09;05.07;2;1
Mike Dunleavy;82;15.09;05.07;2;1
Jarell Martin;27;14.01;05.07;2;0
Casey Jacobsen;72;15.09;05.01;01.07;0
Juan Dixon;42;15.04;06.04;02.05;1
Melvin Ely;52;15.04;04.05;01.08;1
Mike Wilks;46;15;03.02;01.01;1
Sean Lampley;35;13.09;04.08;01.06;0
Chris Jefferies;51;13.01;03.09;01.05;0
Lonny Baxter;55;12.04;04.08;01.07;0
Juaquin Hawkins;58;11.08;02.03;1;0
Richaun Holmes;51;13.08;05.06;02.02;0
Kareem Rush;76;11.05;3;01.03;1
Marcus Haislip;39;11.03;04.01;01.07;0
Chris Wilcox;46;10.04;03.07;01.06;1
Dan Dickau;50;10.03;03.07;01.04;1
Tayshaun Prince;42;10.04;03.03;01.03;1
Ryan Humphrey;48;09.03;01.09;00.07;0
John Salmons;64;07.09;02.01;00.08;1
Tamar Slay;36;07.06;02.06;01.01;0
Qyntel Woods;53;06.03;02.04;01.01;0
Cameron Payne;57;12.02;5;2;0
Adam Harrington;19;05.08;01.06;00.06;0
Shane Battier;78;39.07.00;14.04;05.03;1
Jason Richardson;80;32.09.00;14.04;05.08;1
Jamaal Tinsley;80;30.05.00;09.04;03.06;1
Sonny Parker;77;29.04.00;09.02;03.05;1
Trenton Hassell;78;28.07.00;08.07;03.04;1
Justin Anderson;55;11.08;03.08;01.03;0
Eddie Griffin;73;26;08.08;03.03;1
Joe Johnson;77;24.09.00;07.05;03.03;1
Gilbert Arenas;47;24.06.00;10.09;03.07;1
Richard Jefferson;79;24.03.00;09.04;03.04;1
Speedy Claxton;67;22.08;07.02;02.07;1
Jarron Collins;70;20.06;06.04;02.03;1
Brendan Haywood;62;20.04;05.01;01.08;1
Tyson Chandler;71;19.06;06.01;02.01;1
Jason Collins;77;18.03;04.05;01.05;1
Troy Murphy;82;17.07;05.09;02.02;1
Terence Morris;68;16.03;03.08;01.06;0
Eddy Curry;72;16;06.07;02.06;1
Kenny Satterfield;36;15.06;05.03;2;0
Earl Watson;64;15.01;03.06;01.05;1
Kwame Brown;57;14.03;04.05;01.06;1
Will Solomon;62;14.01;05.02;01.08;0
Lamar Patterson;35;11.03;02.04;00.08;0
Etan Thomas;47;13.01;04.03;01.07;1
Tierre Brown;40;10.01;03.01;01.02;0
Steven Hunter;53;09.07;03.06;01.03;1
Loren Woods;60;08.06;01.08;00.06;1
Alton Ford;53;08.05;03.01;01.02;0
Gerald Wallace;54;8;03.02;01.04;1
Joe Crispin;21;07.04;03.08;01.02;0
Zach Randolph;41;05.08;02.08;01.02;1
Brandon Armstrong;35;05.06;01.08;00.08;0
Willie Reed;39;10.09;04.07;01.09;0
Kenyon Martin;68;33.04.00;12;05.01;1
Marc Jackson;48;29.04.00;13.02;04.09;1
Mike Miller;82;29.01.00;11.09;04.05;1
Darius Miles;81;26.03.00;09.04;03.09;1
Morris Peterson;80;22.06;09.03;03.06;1
Chris Porter;51;22.05;08.06;03.04;0
Marcus Fizer;72;21.09;09.05;03.09;1
Stephen Jackson;77;21.06;08.02;03.02;1
Courtney Alexander;65;21.03;09.05;03.07;0
Chris Mihm;59;19.08;07.06;02.09;1
Kelly Oubre;63;10.07;03.07;01.04;0
Desmond Mason;78;19.05;05.09;02.04;1
Khalid El-Amin;50;18.07;06.03;02.03;0
Quentin Richardson;76;17.09;08.01;03.01;1
Mark Blount;64;17.02;03.09;01.06;1
Jamal Crawford;61;17.02;04.06;01.08;1
DerMarr Johnson;78;16.08;05.01;01.09;1
Stromile Swift;80;16.04;04.09;01.09;1
Keyon Dooling;76;16.03;05.09;01.09;1
Mateen Cleaves;78;16.03;05.04;02.01;1
Mike Penberthy;53;16.01;5;01.07;0
Lee Nailon;42;11.02;03.09;01.06;1
Eddie House;50;11;5;02.01;1
Paul McPherson;55;10.08;04.08;2;0
Daniel Santiago;54;10.08;03.01;01.02;0
Isaiah Whitehead;25;22.06;06.07;02.06;0
Darrun Hilliard;38;10.01;4;01.04;0
Mark Madsen;70;09.02;2;00.08;1
DeShawn Stevenson;40;07.03;02.02;00.08;1
Elton Brand;81;37;20.01;07.08;1
Lamar Odom;76;36.04.00;16.06;05.09;1
Steve Francis;77;36.01.00;18;06.05;1
Metta World Peace;72;31.01.00;12;04.03;1
Walt Szczerbiak;73;29.07.00;11.06;04.07;0
Adrian Griffin;72;26.08.00;06.07;02.04;1
Andre Miller;82;25.05.00;11.01;04.01;1
James Posey;81;25.03.00;08.02;02.08;1
Kenny Thomas;72;25;08.03;02.09;1
Shawn Marion;51;24.07.00;10.02;04.04;1
Vonteego Cummings;75;23.09;09.04;03.05;0
Anthony Carter;79;23.05;06.03;02.05;1
Jason Terry;81;23.03;08.01;03.01;1
Chucky Atkins;82;19.08;09.05;03.08;1
Richard Hamilton;71;19.03;9;03.06;1
Greg Buckner;48;19.02;05.07;02.03;1
Langston Galloway;45;32.04.00;11.08;04.05;0
Baron Davis;82;18.06;05.09;02.02;1
Corey Maggette;77;17.08;08.04;02.09;1
Eddie Robinson;67;16.06;7;03.02;1
Michael Ruffin;71;13.07;02.02;00.08;1
Chris Herren;45;13.03;03.01;1;0
Quincy Lewis;74;12.01;03.08;01.05;0
Ryan Bowen;52;11.03;02.05;00.09;1
Cal Bowdler;46;09.02;02.07;01.01;0
Scott Padgett;47;09.02;02.06;00.09;1
Nerlens Noel;75;30.08.00;09.09;4;0
Roy Rogers;40;08.09;02.02;00.09;0
William Avery;59;08.02;02.06;00.09;0
Milt Palacio;53;07.04;2;00.08;1
Devean George;49;7;03.02;01.01;1
Lari Ketner;22;6;01.05;00.06;0
Jason Williams;50;36.01.00;12.08;04.06;1
Vince Carter;50;35.02.00;18.03;06.09;1
Mike Bibby;50;35.02.00;13.02;05.02;1
Paul Pierce;48;34;16.05;05.09;1
Elfrid Payton;82;30.04.00;08.09;03.07;0
Michael Dickerson;50;31.02.00;10.09;04.03;1
Jamie Feick;28;30.04.00;06.03;02.04;1
Jamie Feick;41;15.02;03.07;01.04;1
Cuttino Mobley;49;29.07.00;09.09;03.05;1
Tyrone Nesby;50;25.08.00;10.01;03.06;0
Antawn Jamison;47;22.05;09.06;03.08;1
Matt Harpring;50;22.03;08.02;3;1
Jabari Parker;25;29.05.00;12.03;05.02;0
Larry Hughes;50;19.08;09.01;03.04;1
Robert Traylor;49;16;05.03;02.02;1
Michael Doleac;49;15.09;06.02;02.06;1
Cory Carr;42;14.09;04.01;01.07;0
Keon Clark;28;14.06;03.03;01.03;1
Damon Jones;24;14.03;05.02;01.08;1
Pat Garrity;39;13.08;05.06;02.02;1
Marcus Smart;67;27;07.08;02.06;0
Bryce Drew;34;13;03.05;01.04;1
Jelani McCoy;26;12.07;05.01;02.02;1
Brad Miller;38;12.03;06.03;02.01;1
Ricky Davis;46;12.01;04.05;01.08;1
J.R. Henderson;30;11;03.02;01.02;0
Corey Benjamin;31;10.03;03.08;01.04;0
Roshown McLeod;34;10.02;04.08;01.08;0
Earl Boykins;22;10;3;01.04;1
Toby Bailey;27;09.02;02.09;01.03;0
Marlon Garnett;24;08.05;02.01;00.06;0
Jordan Clarkson;59;25;11.09;04.05;0
Andrae Patterson;35;08.01;03.03;01.02;0
Gerald Brown;33;07.02;02.04;1;0
Ruben Patterson;24;6;02.07;00.09;1
Nazr Mohammed;26;04.07;01.06;00.06;1
Keith Van Horn;62;37.05.00;19.07;07.02;1
Ron Mercer;80;33.03.00;15.03;06.04;1
Brevin Knight;80;31;9;03.03;1
Cedric Henderson;82;30.08.00;10.01;04.02;1
Cedric Henderson;82;30.08.00;10.01;04.02;0
Bobby Jackson;68;30;11.06;04.06;1
Zach LaVine;77;24.07.00;10.01;03.07;0
Anthony Johnson;77;29.04.00;07.05;02.09;1
Derek Anderson;66;27.09.00;11.07;03.06;1
Chauncey Billups;80;27.07.00;11.02;03.05;1
Antonio Daniels;74;26.04.00;07.08;03.01;1
Eric Washington;66;23.03;07.07;3;0
Tony Battie;65;23.02;08.04;03.06;1
Tim Thomas;77;23.01;11;4;1
Danny Fortson;80;22.06;10.02;03.05;1
Maurice Taylor;71;21.03;11.05;04.05;1
Lawrence Funderburke;52;21;09.05;03.07;1
Alvin Williams;54;19.08;6;02.03;1
Rodrick Rhodes;58;18.04;05.08;01.09;0
Tracy McGrady;64;18.04;7;02.08;1
Rick Brunson;38;16.04;04.03;01.03;1
Jerald Honeycutt;38;13.09;06.04;02.04;0
Kelvin Cato;74;13.06;03.08;01.03;1
Domantas Sabonis;34;21.01;06.04;02.06;0
Adreian Payne;32;23.01;06.07;02.08;0
Keith Closs;58;12.08;4;01.06;0
Kevin Ollie;35;12.03;03.05;01.01;1
Bubba Wells;39;10.01;03.03;01.02;0
John Thomas;54;09.09;02.08;1;1
Travis Williams;39;09.04;03.05;01.04;0
Jacque Vaughn;45;09.03;03.01;1;1
Chris Garner;38;07.07;01.04;00.06;0
Chris Crawford;40;06.04;03.08;01.02;1
Anthony Parker;37;05.03;01.09;00.07;1
Allen Iverson*;76;40.01.00;23.05;08.02;1
Kerry Kittles;82;36.07.00;16.04;06.02;1
Antoine Walker;82;36.02.00;17.05;7;1
Shareef Abdur-Rahim;80;35;18.07;06.09;1
Stephon Marbury;67;34.07.00;15.08;05.03;1
Ray Allen;82;30.09.00;13.04;04.08;1
Marcus Camby;63;30.01.00;14.08;6;1
Matt Maloney;82;29.01.00;09.04;03.03;1
Lorenzen Wright;77;25.01.00;07.03;03.01;1
K.J. McDaniels;62;21.08;07.09;02.08;0
Dean Garrett;68;24.05.00;8;03.03;1
Chris Robinson;41;16.06;04.06;01.07;0
Shandon Anderson;65;16.04;05.09;02.03;1
Travis Knight;71;16.03;04.08;2;1
Kobe Bryant;71;15.05;07.06;02.05;1
Randy Livingston;64;15.03;03.09;01.06;1
Othella Harrington;57;15.01;04.08;2;1
Erick Dampier;72;14.06;05.01;01.08;1
Rodney Hood;50;21.03;08.07;03.01;0
Tony Delk;61;14.02;05.04;2;1
Samaki Walker;43;14;5;01.09;1
Todd Fuller;75;12.07;04.01;01.05;1
John Wallace;68;11.06;04.08;01.08;1
Derek Fisher;80;11.05;03.09;01.03;1
Ray Owes;57;10.04;03.01;01.03;0
Jermaine O'Neal;45;10.02;04.01;01.05;1
Malik Rose;54;09.07;3;01.01;1
Brett Szabo;70;09.05;02.02;00.08;0
Jerami Grant;65;21.02;06.03;01.09;0
Darvin Ham;36;08.08;02.03;00.09;1
Steve Hamer;35;07.07;02.02;00.09;0
Walter McCarty;35;05.05;01.08;00.07;1
Priest Lauderdale;35;05.01;03.02;01.04;0
Damon Stoudamire;70;40.09.00;19;06.09;1
Michael Finley;82;39.02.00;15;05.07;1
Jerry Stackhouse;72;37.05.00;19.02;06.03;1
Joe Smith;82;34.04.00;15.03;05.07;1
Bryant Reeves;77;31.09.00;13.03;05.02;1
Tyus Edney;80;31;10.08;03.08;0
Antonio McDyess;76;30;13.04;05.06;1
Kevin Garnett;80;28.07.00;10.04;04.05;1
Rasheed Wallace;65;27.05.00;10.01;04.02;1
Brent Barry;79;24;10.01;03.06;1
Eric Williams;64;23;10.07;03.08;1
Kurt Thomas;74;22.04;9;03.07;1
Ashraf Amaya;54;20.04;06.03;02.02;0
Alan Henderson;79;17.09;06.04;02.04;1
Gary Trent;69;17.07;07.05;03.02;1
Loren Meyer;72;17.06;5;2;0
Theo Ratliff;75;17.04;04.05;01.07;1
Anthony Goldwire;42;14.08;05.05;01.08;1
Bob Sura;79;14.06;05.03;01.09;1
Don Reid;69;14.04;03.08;01.05;1
Jimmy King;62;14;04.05;01.08;0
Shawn Respert;62;13.06;04.09;01.08;0
Shabazz Napier;51;19.08;05.01;01.07;0
Cherokee Parks;64;13.06;03.09;01.06;1
Lawrence Moten;44;13;06.06;02.05;0
Greg Ostertag;57;11.06;03.06;01.05;1
Corliss Williamson;53;11.05;05.06;02.04;1
Terrence Rencher;36;11.03;02.09;00.09;0
Chris Carr;60;09.08;4;01.05;1
Travis Best;59;09.07;03.07;01.02;1
Jason Caffey;57;09.06;03.02;01.02;1
Elijah Millsap;47;19.07;05.03;01.07;0
Eric Snow;43;9;02.07;1;1
Jerome Allen;41;08.08;02.06;00.09;0
Junior Burrough;61;08.01;03.01;1;0
Lou Roe;49;07.06;01.08;00.07;0
Marques Bragg;53;7;02.05;1;0
Todd Mundt;33;04.06;01.01;00.05;0
Grant Hill;70;38.03.00;19.09;07.03;1
Glenn Robinson;80;37;21.09;8;0
Glenn Robinson;80;37;21.09;8;1
Juwan Howard;65;36.01.00;17;7;1
Tarik Black;63;19;6;02.05;0
Jason Kidd;79;33.08.00;11.07;04.02;1
Lamond Murray;81;31.06.00;14.01;05.04;1
Eddie Jones;64;31;14;05.03;1
Eric Montross;78;29.07.00;10;03.09;1
Donyell Marshall;72;29;12.06;04.08;1
Brian Grant;80;28.06.00;13.02;05.02;1
Sharone Wright;79;25.09.00;11.04;04.06;0
Wesley Person;78;23.01;10.04;4;1
Clifford Rozier;66;22.06;06.08;02.09;0
Jalen Rose;81;22.02;08.02;02.08;1
Tyler Johnson;32;18.08;05.09;02.02;0
Khalid Reeves;67;21.08;09.02;03.01;1
Chris Childs;53;19.03;05.08;2;1
Aaron McKie;45;18.04;06.05;02.06;1
Ryan Lorthridge;37;18.02;07.04;02.09;0
Derrick Alston;64;16.01;04.07;01.09;0
Anthony Tucker;62;15.08;03.09;01.05;0
Greg Minor;63;15;6;02.05;1
Eric Piatkowski;81;14.09;7;02.05;1
B.J. Tyler;55;14.07;03.05;01.03;0
Eric Mobley;46;12.08;03.09;01.07;0
Monty Williams;41;12.03;03.03;01.05;1
Anthony Miller;46;11.05;04.01;01.05;1
Howard Eisley;49;11.03;02.04;00.08;1
Bill Curley;53;11.02;02.07;01.01;1
Jamie Watson;60;11.02;03.03;01.03;0
Tony Dumas;58;10.06;04.06;01.07;0
Dickey Simpkins;59;09.09;03.05;01.03;1
Jim McIlvaine;55;09.07;01.07;00.06;1
Dwayne Morton;41;09.06;04.01;01.02;0
Darrin Hancock;46;09.02;03.03;01.05;0
Tim Breaux;42;08.01;3;01.01;0
Trevor Ruffin;49;06.05;04.08;01.07;0
Brooks Thompson;38;06.05;03.01;01.02;0
Anfernee Hardaway;82;36.08.00;16;06.02;1
Jamal Mashburn;79;36.07.00;19.02;07.01;1
Nick Van Exel;81;33.03.00;13.06;05.01;1
Chris Webber;76;32.01.00;17.05;07.05;1
Aaron Gordon;47;17;05.02;2;0
Vin Baker;82;31.02.00;13.05;05.03;1
Isaiah Rider;79;30.06.00;16.06;06.06;1
Lindsey Hunter;82;26.05.00;10.03;04.01;1
Chris Mills;79;25.06.00;09.04;03.06;1
George Lynch;71;24.08.00;09.06;04.01;1
P.J. Brown;79;24.07.00;05.07;02.01;1
Calbert Cheaney;65;24.07.00;12;5;1
Bo Outlaw;37;23.05;06.09;02.06;1
Popeye Jones;81;21.09;05.08;02.04;1
Antonio Davis;81;21.04;07.07;02.07;1
Allan Houston;79;19.02;08.05;03.04;1
Harold Ellis;49;18.08;08.07;03.02;0
Rodney Rogers;79;17.08;08.01;3;1
Mitchell Butler;75;17.06;06.09;02.08;1
Sam Cassell;66;17;06.07;02.05;1
Bryon Russell;67;16.07;5;2;1
Darren Morningstar;23;16;04.02;01.07;0
Markel Brown;47;16.06;04.06;01.06;0
Acie Earl;74;15.05;05.05;2;0
Lucious Harris;77;15.01;05.04;02.01;1
Scott Burrell;51;15;04.08;01.09;1
Warren Kidd;68;13;03.06;01.05;0
Greg Graham;70;12.07;04.08;01.07;1
Mike Peplowski;55;12.01;03.02;01.04;0
Terry Dehere;64;11.09;05.03;2;1
James Robinson;58;11.06;04.08;01.08;1
Corie Blount;67;10.03;3;01.01;1
Cleanthony Early;39;16.06;05.04;01.09;0
David Wesley;60;9;03.01;01.01;1
Chris Whitney;40;08.05;01.08;00.06;1
Rex Walters;48;8;03.04;01.03;1
Darnell Mee;38;07.05;01.09;00.07;0
Josh Grant;53;07.02;3;01.01;0
Ervin Johnson;45;06.02;02.06;1;1
Brian Davis;68;05.05;01.09;00.06;0
Eric Riley;47;04.07;01.09;00.07;1
Shaquille O'Neal*;81;37.09.00;23.04;9;1
Latrell Sprewell;77;35.06.00;15.04;05.08;1
Christian Laettner;81;34.09.00;18.02;06.02;1
Tom Gugliotta;81;34.05.00;14.07;6;1
Alonzo Mourning*;78;33.09.00;21;07.03;1
LaPhonso Ellis;82;33.05.00;14.07;05.09;1
Clarence Weatherspoon;82;32.04.00;15.06;6;1
Robert Horry;79;29.05.00;10.01;04.01;1
Sean Rooks;72;29;13.05;05.01;1
Walt Williams;59;28.04.00;17;06.01;1
Anthony Avent;82;27.09.00;09.08;04.02;1
Richard Dumas;48;27.05.00;15.08;06.03;0
Todd Day;71;27.02.00;13.08;5;1
Bryant Stith;39;22.02;08.09;03.02;1
Doug Overton;45;22;08.01;03.04;1
Anthony Peeler;77;21.05;10.04;03.09;1
Walter Bond;74;21.03;8;03.01;0
Andre Spencer;20;21.01;09.04;03.07;0
Lloyd Daniels;77;20.04;09.01;03.07;1
Oliver Miller;56;19.01;05.06;02.02;1
Harold Miner;73;18.09;10.03;4;0
T.J. Warren;40;15.04;06.01;02.08;0
Adam Keefe;82;18.09;06.06;02.03;1
Lee Mayberry;82;18.03;05.02;02.01;1
Hubert Davis;50;16.03;05.04;02.02;1
Byron Houston;79;16.01;05.03;01.08;0
Chris Smith;80;15.08;04.03;01.06;0
Chris Smith;80;15.08;04.03;01.06;0
Brent Price;68;12.06;03.09;01.05;1
Marlon Maxey;43;12.01;05.04;02.02;0
Litterial Green;52;12;04.05;01.07;1
Jon Barry;47;11.07;04.04;01.06;1